0,Revenue,Labor,Variable cost,Investment to new capital,total annual cost of raw materials and intermediate goods used in production,,,,,,
0,0.00 ₫,281,"22,607,204,500.00 ₫","4,965,030,000 ₫","6,589,578,000 ₫",,,,,,
0,0.00 ₫,28,"1,272,200,000.00 ₫",0 ₫,0 ₫,,,,,,
0,0.00 ₫,325,"1,171,475,000.00 ₫",0 ₫,0 ₫,,,,,,
0,"11,965,000.00 ₫",10,"491,500,000.00 ₫",0 ₫,0 ₫,,,,,,
0,"40,070,000.00 ₫",5,"81,327,500.00 ₫",0 ₫,0 ₫,,,,,,
0,"92,372,000.00 ₫",5,"53,528,000.00 ₫",0 ₫,"84,000,000 ₫",,,,,,
0,"106,000,000.00 ₫",5,"331,337,000.00 ₫",0 ₫,0 ₫,,,,,,
0,"110,100,000.00 ₫",6,"46,075,000.00 ₫",0 ₫,"25,000,000 ₫",,,,,,
0,"120,000,000.00 ₫",5,"47,675,000.00 ₫",0 ₫,0 ₫,,,,,,
0,"133,698,000.00 ₫",6,"94,577,500.00 ₫",0 ₫,0 ₫,,,,,,
0,"141,752,000.00 ₫",5,"2,938,500.00 ₫",0 ₫,0 ₫,,,,,,
0,"160,991,000.00 ₫",5,"43,212,500.00 ₫",0 ₫,0 ₫,,,,,,
0,"196,842,000.00 ₫",5,"2,300,000.00 ₫",0 ₫,0 ₫,,,,,,
0,"211,989,000.00 ₫",6,"65,200,000.00 ₫",0 ₫,0 ₫,,,,,,
0,"232,636,000.00 ₫",6,"78,050,000.00 ₫",0 ₫,"158,000,000 ₫",,,,,,
0,"249,750,000.00 ₫",5,"51,750,000.00 ₫",0 ₫,0 ₫,,,,,,
0,"279,575,000.00 ₫",15,"438,128,500.00 ₫",0 ₫,"365,410,000 ₫",,,,,,
0,"280,629,000.00 ₫",5,"30,320,500.00 ₫",0 ₫,"15,000,000 ₫",,,,,,
0,"296,000,000.00 ₫",10,"191,000,000.00 ₫",0 ₫,0 ₫,,,,,,
0,"300,000,000.00 ₫",6,"63,500,000.00 ₫",0 ₫,0 ₫,,,,,,
0,"304,918,000.00 ₫",5,"83,225,000.00 ₫",0 ₫,0 ₫,,,,,,
0,"309,575,000.00 ₫",8,"124,600,000.00 ₫",0 ₫,"147,809,000 ₫",,,,,,
0,"339,894,000.00 ₫",5,"88,303,500.00 ₫",0 ₫,0 ₫,,,,,,
0,"350,000,000.00 ₫",6,"140,750,000.00 ₫",0 ₫,0 ₫,,,,,,
0,"354,000,000.00 ₫",6,"212,500,000.00 ₫",0 ₫,0 ₫,,,,,,
0,"363,250,000.00 ₫",5,"271,250,000.00 ₫",0 ₫,0 ₫,,,,,,
0,"371,720,000.00 ₫",5,"96,317,500.00 ₫",0 ₫,"50,000,000 ₫",,,,,,
0,"381,692,000.00 ₫",6,"95,000,000.00 ₫",0 ₫,"265,420,000 ₫",,,,,,
0,"386,514,000.00 ₫",16,"137,468,000.00 ₫",0 ₫,"273,448,000 ₫",,,,,,
0,"400,000,000.00 ₫",17,"53,362,000.00 ₫",0 ₫,0 ₫,,,,,,
0,"415,016,000.00 ₫",5,"188,555,000.00 ₫",0 ₫,0 ₫,,,,,,
0,"417,857,000.00 ₫",24,"157,150,000.00 ₫",0 ₫,"110,000,000 ₫",,,,,,
0,"426,320,000.00 ₫",7,"43,945,000.00 ₫",0 ₫,0 ₫,,,,,,
0,"428,000,000.00 ₫",7,"128,750,000.00 ₫",0 ₫,"254,000,000 ₫",,,,,,
0,"429,000,000.00 ₫",35,"651,593,000.00 ₫",0 ₫,0 ₫,,,,,,
0,"436,440,000.00 ₫",5,"305,833,000.00 ₫",0 ₫,0 ₫,,,,,,
0,"440,000,000.00 ₫",13,"53,190,000.00 ₫",0 ₫,0 ₫,,,,,,
0,"469,454,000.00 ₫",16,"219,730,000.00 ₫",0 ₫,"414,317,000 ₫",,,,,,
0,"477,967,000.00 ₫",25,"136,977,500.00 ₫",0 ₫,0 ₫,,,,,,
0,"520,000,000.00 ₫",6,"192,110,000.00 ₫",0 ₫,"368,000,000 ₫",,,,,,
0,"539,750,000.00 ₫",3,"120,500,000.00 ₫","242,902,000 ₫",0 ₫,,,,,,
0,"546,643,000.00 ₫",6,"94,062,500.00 ₫",0 ₫,0 ₫,,,,,,
0,"571,000,000.00 ₫",5,"4,546,093,000.00 ₫","325,000,000 ₫","840,268,000 ₫",,,,,,
0,"599,583,000.00 ₫",5,"74,124,000.00 ₫",0 ₫,0 ₫,,,,,,
0,"676,312,000.00 ₫",6,"154,725,500.00 ₫",0 ₫,0 ₫,,,,,,
0,"680,690,000.00 ₫",5,"51,650,000.00 ₫",0 ₫,0 ₫,,,,,,
0,"716,538,000.00 ₫",8,"452,325,000.00 ₫",0 ₫,"565,775,000 ₫",,,,,,
0,"731,948,000.00 ₫",5,"6,300,000.00 ₫",0 ₫,0 ₫,,,,,,
0,"733,000,000.00 ₫",4,"58,800,000.00 ₫",0 ₫,"22,100,000 ₫",,,,,,
0,"748,357,000.00 ₫",6,"279,000,000.00 ₫",0 ₫,0 ₫,,,,,,
0,"769,000,000.00 ₫",6,"142,600,000.00 ₫",0 ₫,"450,000,000 ₫",,,,,,
0,"775,700,000.00 ₫",5,"195,873,000.00 ₫",0 ₫,0 ₫,,,,,,
0,"840,345,000.00 ₫",5,"98,513,000.00 ₫",0 ₫,0 ₫,,,,,,
0,"845,361,000.00 ₫",5,"273,305,000.00 ₫",0 ₫,0 ₫,,,,,,
0,"900,000,000.00 ₫",4,"224,625,000.00 ₫","300,000,000 ₫",0 ₫,,,,,,
0,"916,364,000.00 ₫",5,"95,120,000.00 ₫",0 ₫,0 ₫,,,,,,
0,"920,390,000.00 ₫",9,"366,662,500.00 ₫","666,000,000 ₫",0 ₫,,,,,,
0,"931,980,000.00 ₫",11,"419,500,000.00 ₫",0 ₫,0 ₫,,,,,,
0,"989,719,000.00 ₫",15,"343,855,500.00 ₫",0 ₫,0 ₫,,,,,,
0,"1,000,000,000.00 ₫",6,"223,100,000.00 ₫",0 ₫,0 ₫,,,,,,
0,"1,000,000,000.00 ₫",7,"332,688,000.00 ₫",0 ₫,0 ₫,,,,,,
0,"1,000,060,000.00 ₫",8,"466,400,000.00 ₫",0 ₫,"655,120,000 ₫",,,,,,
0,"1,025,630,000.00 ₫",13,"350,140,000.00 ₫",0 ₫,"220,632,000 ₫",,,,,,
0,"1,065,278,000.00 ₫",5,"241,395,000.00 ₫",0 ₫,0 ₫,,,,,,
0,"1,103,000,000.00 ₫",14,"464,876,000.00 ₫",0 ₫,"970,640,000 ₫",,,,,,
0,"1,125,000,000.00 ₫",11,"338,290,000.00 ₫",0 ₫,"550,000,000 ₫",,,,,,
0,"1,126,000,000.00 ₫",6,"243,000,000.00 ₫",0 ₫,"734,000,000 ₫",,,,,,
0,"1,147,000,000.00 ₫",16,"458,550,000.00 ₫",0 ₫,"981,235,000 ₫",,,,,,
0,"1,150,000,000.00 ₫",20,"23,000,000.00 ₫",0 ₫,0 ₫,,,,,,
0,"1,152,000,000.00 ₫",5,"178,890,000.00 ₫",0 ₫,"568,000,000 ₫",,,,,,
0,"1,152,000,000.00 ₫",5,"205,100,000.00 ₫",0 ₫,0 ₫,,,,,,
0,"1,200,000,000.00 ₫",40,"368,954,000.00 ₫",0 ₫,0 ₫,,,,,,
0,"1,200,000,000.00 ₫",5,"150,900,000.00 ₫",0 ₫,0 ₫,,,,,,
0,"1,214,409,000.00 ₫",7,"275,410,000.00 ₫",0 ₫,0 ₫,,,,,,
0,"1,258,000,000.00 ₫",5,"229,250,000.00 ₫",0 ₫,0 ₫,,,,,,
0,"1,290,830,000.00 ₫",6,"164,638,500.00 ₫",0 ₫,0 ₫,,,,,,
0,"1,317,439,000.00 ₫",6,"722,160,500.00 ₫",0 ₫,0 ₫,,,,,,
0,"1,337,253,000.00 ₫",25,"614,500,000.00 ₫",0 ₫,0 ₫,,,,,,
0,"1,393,000,000.00 ₫",22,"672,686,000.00 ₫",0 ₫,"684,255,000 ₫",,,,,,
0,"1,449,930,000.00 ₫",6,"189,010,000.00 ₫",0 ₫,0 ₫,,,,,,
0,"1,462,874,000.00 ₫",11,"534,616,000.00 ₫",0 ₫,"24,593,000 ₫",,,,,,
0,"1,492,363,000.00 ₫",12,"392,300,000.00 ₫",0 ₫,"688,000,000 ₫",,,,,,
0,"1,500,000,000.00 ₫",5,"320,800,000.00 ₫",0 ₫,0 ₫,,,,,,
0,"1,500,000,000.00 ₫",6,"272,400,000.00 ₫",0 ₫,"1,000,000,000 ₫",,,,,,
0,"1,513,232,000.00 ₫",7,"131,234,000.00 ₫",0 ₫,0 ₫,,,,,,
0,"1,524,132,000.00 ₫",8,"283,675,000.00 ₫",0 ₫,0 ₫,,,,,,
0,"1,569,290,000.00 ₫",5,"188,280,500.00 ₫",0 ₫,0 ₫,,,,,,
0,"1,600,000,000.00 ₫",10,"672,000,000.00 ₫",0 ₫,"160,000,000 ₫",,,,,,
0,"1,621,000,000.00 ₫",25,"498,095,000.00 ₫",0 ₫,0 ₫,,,,,,
0,"1,622,482,000.00 ₫",22,"510,000,000.00 ₫",0 ₫,"100,000,000 ₫",,,,,,
0,"1,656,363,000.00 ₫",7,"418,800,000.00 ₫",0 ₫,0 ₫,,,,,,
0,"1,671,000,000.00 ₫",10,"518,500,000.00 ₫",0 ₫,"250,000,000 ₫",,,,,,
0,"1,677,520,000.00 ₫",8,"197,414,500.00 ₫","30,000,000 ₫",0 ₫,,,,,,
0,"1,690,279,000.00 ₫",5,"187,910,000.00 ₫",0 ₫,"1,412,000,000 ₫",,,,,,
0,"1,694,428,000.00 ₫",10,"475,482,500.00 ₫",0 ₫,0 ₫,,,,,,
0,"1,744,166,000.00 ₫",5,"115,978,000.00 ₫",0 ₫,0 ₫,,,,,,
0,"1,750,000,000.00 ₫",7,"370,200,000.00 ₫",0 ₫,"612,500,000 ₫",,,,,,
0,"1,752,634,000.00 ₫",6,"481,863,000.00 ₫",0 ₫,0 ₫,,,,,,
0,"1,754,568,000.00 ₫",5,"259,400,000.00 ₫",0 ₫,"626,000,000 ₫",,,,,,
0,"1,755,701,000.00 ₫",10,"177,500,000.00 ₫","10,000,000 ₫",0 ₫,,,,,,
0,"1,779,634,000.00 ₫",7,"272,322,000.00 ₫",0 ₫,0 ₫,,,,,,
0,"1,785,623,000.00 ₫",7,"227,150,000.00 ₫",0 ₫,0 ₫,,,,,,
0,"1,789,381,000.00 ₫",15,"382,606,649.50 ₫",0 ₫,0 ₫,,,,,,
0,"1,800,000,000.00 ₫",8,"565,650,000.00 ₫","800,000,000 ₫",0 ₫,,,,,,
0,"1,818,181,000.00 ₫",8,"222,608,000.00 ₫",0 ₫,0 ₫,,,,,,
0,"1,850,000,000.00 ₫",6,"289,700,000.00 ₫",0 ₫,"30,000,000 ₫",,,,,,
0,"1,850,000,000.00 ₫",10,"678,800,000.00 ₫",0 ₫,0 ₫,,,,,,
0,"1,893,357,000.00 ₫",9,"405,895,000.00 ₫",0 ₫,0 ₫,,,,,,
0,"1,900,034,000.00 ₫",5,"225,674,000.00 ₫",0 ₫,0 ₫,,,,,,
0,"1,927,775,000.00 ₫",12,"434,750,000.00 ₫",0 ₫,"659,000,000 ₫",,,,,,
0,"1,929,822,000.00 ₫",15,"79,725,000.00 ₫",0 ₫,0 ₫,,,,,,
0,"1,933,000,000.00 ₫",5,"252,100,000.00 ₫",0 ₫,0 ₫,,,,,,
0,"1,969,000,000.00 ₫",5,"161,500,000.00 ₫",0 ₫,"499,000,000 ₫",,,,,,
0,"1,969,456,000.00 ₫",8,"350,812,500.00 ₫","928,924,000 ₫","1,473,484,000 ₫",,,,,,
0,"2,000,000,000.00 ₫",11,"624,700,000.00 ₫","1,120,000,000 ₫","100,000,000 ₫",,,,,,
0,"2,000,000,000.00 ₫",6,"13,710,000.00 ₫",0 ₫,0 ₫,,,,,,
0,"2,000,000,000.00 ₫",30,"840,500,000.00 ₫","1,000,000,000 ₫","20,000,000 ₫",,,,,,
0,"2,000,000,000.00 ₫",13,"318,250,000.00 ₫",0 ₫,0 ₫,,,,,,
0,"2,000,000,000.00 ₫",5,"226,250,000.00 ₫",0 ₫,"3,000,000,000 ₫",,,,,,
0,"2,017,163,000.00 ₫",6,"187,240,000.00 ₫",0 ₫,0 ₫,,,,,,
0,"2,100,000,000.00 ₫",8,"719,400,000.00 ₫",0 ₫,0 ₫,,,,,,
0,"2,113,000,000.00 ₫",6,"516,390,000.00 ₫",0 ₫,0 ₫,,,,,,
0,"2,171,139,000.00 ₫",8,"510,177,000.00 ₫",0 ₫,0 ₫,,,,,,
0,"2,276,831,000.00 ₫",11,"485,285,000.00 ₫",0 ₫,0 ₫,,,,,,
0,"2,300,000,000.00 ₫",8,"361,900,000.00 ₫",0 ₫,"2,300,000,000 ₫",,,,,,
0,"2,335,269,000.00 ₫",5,"121,869,000.00 ₫",0 ₫,0 ₫,,,,,,
0,"2,353,000,000.00 ₫",6,"137,159,000.00 ₫",0 ₫,"2,012,403,000 ₫",,,,,,
0,"2,422,456,000.00 ₫",13,"427,550,000.00 ₫",0 ₫,"1,488,000,000 ₫",,,,,,
0,"2,441,509,000.00 ₫",6,"421,115,500.00 ₫",0 ₫,"1,986,000,000 ₫",,,,,,
0,"2,473,880,000.00 ₫",10,"186,977,000.00 ₫",0 ₫,"2,283,846,000 ₫",,,,,,
0,"2,591,000,000.00 ₫",13,"529,555,000.00 ₫",0 ₫,0 ₫,,,,,,
0,"2,749,572,000.00 ₫",69,"1,045,070,000.00 ₫","1,105,000,000 ₫","10,686,041,000 ₫",,,,,,
0,"2,749,572,000.00 ₫",25,"1,085,565,000.00 ₫","35,700,000 ₫","2,320,660,000 ₫",,,,,,
0,"2,753,370,000.00 ₫",22,"1,142,400,000.00 ₫",0 ₫,"286,000,000 ₫",,,,,,
0,"2,789,465,000.00 ₫",5,"259,910,500.00 ₫",0 ₫,"1,905,398,000 ₫",,,,,,
0,"2,815,080,000.00 ₫",22,"1,622,390,000.00 ₫",0 ₫,0 ₫,,,,,,
0,"2,848,667,000.00 ₫",15,"1,091,382,000.00 ₫",0 ₫,"2,506,826,000 ₫",,,,,,
0,"2,857,418,000.00 ₫",29,"1,110,606,000.00 ₫",0 ₫,0 ₫,,,,,,
0,"2,961,390,000.00 ₫",3,"415,500,000.00 ₫",0 ₫,"1,450,000,000 ₫",,,,,,
0,"2,963,000,000.00 ₫",12,"556,042,000.00 ₫","598,000,000 ₫","1,779,000,000 ₫",,,,,,
0,"2,967,616,000.00 ₫",12,"335,320,000.00 ₫",0 ₫,"2,636,468,000 ₫",,,,,,
0,"3,000,000,000.00 ₫",7,"329,200,000.00 ₫",0 ₫,0 ₫,,,,,,
0,"3,002,000,000.00 ₫",5,"211,000,000.00 ₫",0 ₫,0 ₫,,,,,,
0,"3,074,719,000.00 ₫",27,"144,315,000.00 ₫","308,000,000 ₫",0 ₫,,,,,,
0,"3,080,595,000.00 ₫",5,"213,114,000.00 ₫",0 ₫,"2,794,064,000 ₫",,,,,,
0,"3,114,118,000.00 ₫",5,"1,136,505,000.00 ₫","1,247,222,000 ₫","2,771,565,000 ₫",,,,,,
0,"3,139,721,000.00 ₫",12,"459,440,000.00 ₫",0 ₫,"1,958,165,000 ₫",,,,,,
0,"3,141,038,000.00 ₫",5,"196,399,500.00 ₫",0 ₫,0 ₫,,,,,,
0,"3,149,611,000.00 ₫",7,"536,268,000.00 ₫",0 ₫,0 ₫,,,,,,
0,"3,200,000,000.00 ₫",10,"290,800,000.00 ₫",0 ₫,0 ₫,,,,,,
0,"3,200,000,000.00 ₫",9,"739,380,000.00 ₫","800,000,000 ₫","1,120,000,000 ₫",,,,,,
0,"3,200,791,000.00 ₫",12,"377,303,500.00 ₫",0 ₫,0 ₫,,,,,,
0,"3,245,737,000.00 ₫",5,"262,077,500.00 ₫",0 ₫,0 ₫,,,,,,
0,"3,300,000,000.00 ₫",30,"1,504,928,500.00 ₫",0 ₫,"2,550,000,000 ₫",,,,,,
0,"3,345,144,000.00 ₫",11,"486,929,500.00 ₫","553,200,000 ₫","1,845,346,000 ₫",,,,,,
0,"3,356,000,000.00 ₫",17,"175,000,000.00 ₫",0 ₫,0 ₫,,,,,,
0,"3,434,000,000.00 ₫",6,"288,400,000.00 ₫",0 ₫,0 ₫,,,,,,
0,"3,444,530,000.00 ₫",5,"155,196,000.00 ₫",0 ₫,0 ₫,,,,,,
0,"3,446,279,000.00 ₫",5,"472,508,000.00 ₫",0 ₫,0 ₫,,,,,,
0,"3,452,000,000.00 ₫",5,"309,302,000.00 ₫",0 ₫,0 ₫,,,,,,
0,"3,586,960,000.00 ₫",5,"255,385,000.00 ₫",0 ₫,0 ₫,,,,,,
0,"3,600,000,000.00 ₫",12,"671,200,000.00 ₫",0 ₫,0 ₫,,,,,,
0,"3,700,000,000.00 ₫",6,"525,050,000.00 ₫",0 ₫,0 ₫,,,,,,
0,"3,752,708,000.00 ₫",9,"249,042,500.00 ₫",0 ₫,0 ₫,,,,,,
0,"3,790,970,000.00 ₫",37,"1,372,400,000.00 ₫",0 ₫,0 ₫,,,,,,
0,"3,834,000,000.00 ₫",5,"204,672,000.00 ₫",0 ₫,0 ₫,,,,,,
0,"3,878,271,000.00 ₫",24,"1,096,322,500.00 ₫","699,000,000 ₫",0 ₫,,,,,,
0,"3,898,000,000.00 ₫",7,"368,500,000.00 ₫",0 ₫,"2,850,000,000 ₫",,,,,,
0,"3,986,496,000.00 ₫",15,"738,459,000.00 ₫",0 ₫,0 ₫,,,,,,
0,"3,997,359,000.00 ₫",15,"1,173,141,500.00 ₫",0 ₫,0 ₫,,,,,,
0,"4,000,000,000.00 ₫",6,"413,870,000.00 ₫",0 ₫,"3,207,120,000 ₫",,,,,,
0,"4,000,000,000.00 ₫",7,"257,250,000.00 ₫",0 ₫,0 ₫,,,,,,
0,"4,022,000,000.00 ₫",48,"885,659,500.00 ₫",0 ₫,0 ₫,,,,,,
0,"4,034,135,000.00 ₫",20,"827,691,000.00 ₫",0 ₫,0 ₫,,,,,,
0,"4,102,765,000.00 ₫",3,"373,850,000.00 ₫","52,000,000 ₫",0 ₫,,,,,,
0,"4,160,000,000.00 ₫",26,"1,235,830,000.00 ₫",0 ₫,"2,050,000,000 ₫",,,,,,
0,"4,211,000,000.00 ₫",6,"469,900,000.00 ₫",0 ₫,0 ₫,,,,,,
0,"4,236,540,000.00 ₫",5,"498,975,000.00 ₫",0 ₫,0 ₫,,,,,,
0,"4,250,050,000.00 ₫",27,"1,451,377,500.00 ₫",0 ₫,0 ₫,,,,,,
0,"4,302,531,000.00 ₫",6,"217,000,000.00 ₫",0 ₫,0 ₫,,,,,,
0,"4,307,000,000.00 ₫",10,"507,550,000.00 ₫","1,750,000,000 ₫",0 ₫,,,,,,
0,"4,351,862,000.00 ₫",19,"1,458,050,000.00 ₫",0 ₫,0 ₫,,,,,,
0,"4,438,486,000.00 ₫",6,"547,500,000.00 ₫",0 ₫,0 ₫,,,,,,
0,"4,451,695,000.00 ₫",7,"395,528,000.00 ₫",0 ₫,"2,865,908,000 ₫",,,,,,
0,"4,468,000,000.00 ₫",7,"246,000,000.00 ₫",0 ₫,0 ₫,,,,,,
0,"4,473,318,000.00 ₫",7,"297,587,500.00 ₫","1,930,000,000 ₫",0 ₫,,,,,,
0,"4,559,810,000.00 ₫",25,"692,547,500.00 ₫","823,613,000,000 ₫","3,109,336,000 ₫",,,,,,
0,"4,567,962,000.00 ₫",17,"1,287,744,500.00 ₫","2,238,870,000 ₫",0 ₫,,,,,,
0,"4,641,000,000.00 ₫",20,"279,400,000.00 ₫",0 ₫,0 ₫,,,,,,
0,"4,650,000,000.00 ₫",9,"491,281,500.00 ₫",0 ₫,0 ₫,,,,,,
0,"4,652,472,000.00 ₫",7,"524,132,500.00 ₫","262,028,000 ₫","3,648,953,000 ₫",,,,,,
0,"4,723,143,000.00 ₫",10,"937,830,000.00 ₫",0 ₫,"4,494,867,000 ₫",,,,,,
0,"4,727,285,000.00 ₫",6,"197,300,000.00 ₫",0 ₫,0 ₫,,,,,,
0,"4,732,824,000.00 ₫",5,"512,030,000.00 ₫","434,667,000 ₫",0 ₫,,,,,,
0,"4,739,857,000.00 ₫",6,"144,728,500.00 ₫",0 ₫,"3,719,885,000 ₫",,,,,,
0,"4,801,556,000.00 ₫",45,"1,905,460,000.00 ₫",0 ₫,"3,701,313,000 ₫",,,,,,
0,"4,820,098,000.00 ₫",52,"1,179,751,000.00 ₫","1,895,720,000 ₫","2,892,059,000 ₫",,,,,,
0,"4,839,732,000.00 ₫",22,"141,300,000.00 ₫",0 ₫,0 ₫,,,,,,
0,"4,913,167,000.00 ₫",122,"936,085,000.00 ₫",0 ₫,0 ₫,,,,,,
0,"4,955,841,000.00 ₫",124,"4,786,044,000.00 ₫","1,474,733,000 ₫",0 ₫,,,,,,
0,"5,000,000,000.00 ₫",5,"506,000,000.00 ₫",0 ₫,0 ₫,,,,,,
0,"5,000,000,000.00 ₫",7,"2,191,000,000.00 ₫",0 ₫,"1,000,000,000 ₫",,,,,,
0,"5,000,000,000.00 ₫",20,"753,500,000.00 ₫","200,000,000 ₫","2,100,000,000 ₫",,,,,,
0,"5,000,000,000.00 ₫",20,"1,953,000,000.00 ₫",0 ₫,"200,000,000 ₫",,,,,,
0,"5,000,000,000.00 ₫",7,"509,636,000.00 ₫","50,000,000 ₫","50,000,000 ₫",,,,,,
0,"5,000,000,000.00 ₫",12,"761,300,000.00 ₫",0 ₫,"2,000,000,000 ₫",,,,,,
0,"5,000,000,000.00 ₫",5,"315,300,000.00 ₫",0 ₫,0 ₫,,,,,,
0,"5,000,000,000.00 ₫",5,"530,500,000.00 ₫",0 ₫,0 ₫,,,,,,
0,"5,000,000,000.00 ₫",20,"1,760,000,000.00 ₫",0 ₫,0 ₫,,,,,,
0,"5,006,282,000.00 ₫",17,"524,989,000.00 ₫",0 ₫,"400,000,000 ₫",,,,,,
0,"5,022,290,000.00 ₫",27,"724,063,500.00 ₫",0 ₫,0 ₫,,,,,,
0,"5,103,346,000.00 ₫",11,"639,532,500.00 ₫",0 ₫,0 ₫,,,,,,
0,"5,154,000,000.00 ₫",13,"727,000,000.00 ₫",0 ₫,"3,545,000,000 ₫",,,,,,
0,"5,154,000,000.00 ₫",13,"657,000,000.00 ₫",0 ₫,"3,200,000,000 ₫",,,,,,
0,"5,167,254,000.00 ₫",6,"521,250,000.00 ₫",0 ₫,0 ₫,,,,,,
0,"5,184,128,000.00 ₫",6,"257,106,500.00 ₫",0 ₫,"547,463,000 ₫",,,,,,
0,"5,305,259,000.00 ₫",14,"639,000,000.00 ₫",0 ₫,0 ₫,,,,,,
0,"5,328,724,000.00 ₫",5,"598,706,500.00 ₫",0 ₫,0 ₫,,,,,,
0,"5,346,000,000.00 ₫",6,"133,000,000.00 ₫",0 ₫,0 ₫,,,,,,
0,"5,400,000,000.00 ₫",5,"1,353,660,000.00 ₫",0 ₫,0 ₫,,,,,,
0,"5,487,453,000.00 ₫",9,"945,100,000.00 ₫",0 ₫,0 ₫,,,,,,
0,"5,493,819,000.00 ₫",10,"189,555,000.00 ₫","300,000,000 ₫",0 ₫,,,,,,
0,"5,536,141,000.00 ₫",97,"5,423,763,000.00 ₫",0 ₫,"4,796,812,000 ₫",,,,,,
0,"5,557,000,000.00 ₫",7,"661,000,000.00 ₫",0 ₫,0 ₫,,,,,,
0,"5,567,997,000.00 ₫",19,"1,435,005,000.00 ₫",0 ₫,0 ₫,,,,,,
0,"5,600,000,000.00 ₫",24,"270,180,000.00 ₫",0 ₫,0 ₫,,,,,,
0,"5,703,068,000.00 ₫",7,"382,397,500.00 ₫",0 ₫,0 ₫,,,,,,
0,"5,756,808,000.00 ₫",24,"1,356,581,000.00 ₫","135,000,000 ₫","5,105,600,000 ₫",,,,,,
0,"5,799,807,000.00 ₫",5,"335,550,000.00 ₫","1,296,553,000 ₫",0 ₫,,,,,,
0,"5,821,775,000.00 ₫",6,"289,675,000.00 ₫",0 ₫,"3,952,575,000 ₫",,,,,,
0,"5,889,469,000.00 ₫",30,"1,913,615,000.00 ₫","385,002,000 ₫",0 ₫,,,,,,
0,"5,993,000,000.00 ₫",32,"803,500,000.00 ₫",0 ₫,"3,595,000,000 ₫",,,,,,
0,"5,999,000,000.00 ₫",5,"1,156,150,000.00 ₫","6,040,000,000 ₫",0 ₫,,,,,,
0,"6,000,000,000.00 ₫",25,"852,146,000.00 ₫","500,000,000 ₫","3,000,000,000 ₫",,,,,,
0,"6,000,000,000.00 ₫",9,"1,230,100,000.00 ₫","1,200,000,000 ₫",0 ₫,,,,,,
0,"6,000,000,000.00 ₫",6,"193,800,000.00 ₫","450,000,000 ₫",0 ₫,,,,,,
0,"6,000,000,000.00 ₫",9,"611,000,000.00 ₫","500,000,000 ₫",0 ₫,,,,,,
0,"6,000,000,000.00 ₫",17,"1,059,000,000.00 ₫",0 ₫,"2,000,000,000 ₫",,,,,,
0,"6,000,000,000.00 ₫",23,"917,400,000.00 ₫","130,000,000 ₫","2,400,000,000 ₫",,,,,,
0,"6,000,000,000.00 ₫",6,"449,600,000.00 ₫",0 ₫,0 ₫,,,,,,
0,"6,070,000,000.00 ₫",15,"558,910,000.00 ₫",0 ₫,0 ₫,,,,,,
0,"6,084,413,000.00 ₫",4,"209,462,000.00 ₫",0 ₫,"6,100,435,000 ₫",,,,,,
0,"6,175,610,000.00 ₫",15,"507,678,000.00 ₫",0 ₫,0 ₫,,,,,,
0,"6,231,257,000.00 ₫",5,"342,349,500.00 ₫",0 ₫,0 ₫,,,,,,
0,"6,320,788,000.00 ₫",20,"1,162,800,000.00 ₫",0 ₫,0 ₫,,,,,,
0,"6,343,037,000.00 ₫",25,"1,742,619,500.00 ₫","1,700,000,000 ₫",0 ₫,,,,,,
0,"6,354,287,000.00 ₫",10,"414,811,000.00 ₫",0 ₫,0 ₫,,,,,,
0,"6,399,669,000.00 ₫",5,"428,424,000.00 ₫",0 ₫,0 ₫,,,,,,
0,"6,472,724,000.00 ₫",7,"169,575,500.00 ₫",0 ₫,"5,800,000,000 ₫",,,,,,
0,"6,480,618,000.00 ₫",5,"275,000,000.00 ₫",0 ₫,0 ₫,,,,,,
0,"6,500,000,000.00 ₫",17,"2,129,658,500.00 ₫",0 ₫,0 ₫,,,,,,
0,"6,592,201,000.00 ₫",50,"1,958,125,000.00 ₫","105,610,000 ₫",0 ₫,,,,,,
0,"6,603,000,000.00 ₫",15,"1,535,500,000.00 ₫",0 ₫,"6,271,000,000 ₫",,,,,,
0,"6,630,399,000.00 ₫",6,"496,928,000.00 ₫",0 ₫,"4,680,760,000 ₫",,,,,,
0,"6,711,948,000.00 ₫",3,"110,639,000.00 ₫",0 ₫,0 ₫,,,,,,
0,"6,725,152,000.00 ₫",34,"2,705,992,500.00 ₫",0 ₫,0 ₫,,,,,,
0,"6,731,267,000.00 ₫",13,"363,700,000.00 ₫",0 ₫,0 ₫,,,,,,
0,"6,752,000,000.00 ₫",11,"548,878,000.00 ₫",0 ₫,0 ₫,,,,,,
0,"6,772,946,000.00 ₫",39,"1,538,300,000.00 ₫",0 ₫,"4,736,824,000 ₫",,,,,,
0,"6,913,363,000.00 ₫",15,"1,265,860,000.00 ₫",0 ₫,0 ₫,,,,,,
0,"7,000,000,000.00 ₫",20,"342,800,000.00 ₫","400,000,000 ₫",0 ₫,,,,,,
0,"7,000,000,000.00 ₫",15,"1,252,800,000.00 ₫",0 ₫,"4,900,000,000 ₫",,,,,,
0,"7,000,000,000.00 ₫",20,"1,197,500,000.00 ₫","350,000,000 ₫",0 ₫,,,,,,
0,"7,000,000,000.00 ₫",6,"1,869,000,000.00 ₫",0 ₫,"1,000,000,000 ₫",,,,,,
0,"7,000,000,000.00 ₫",30,"1,093,800,000.00 ₫",0 ₫,0 ₫,,,,,,
0,"7,091,349,000.00 ₫",22,"324,800,000.00 ₫",0 ₫,0 ₫,,,,,,
0,"7,274,000,000.00 ₫",102,"3,480,900,000.00 ₫",0 ₫,"2,486,000,000 ₫",,,,,,
0,"7,287,273,000.00 ₫",12,"497,033,500.00 ₫",0 ₫,0 ₫,,,,,,
0,"7,398,376,000.00 ₫",9,"1,210,300,000.00 ₫",0 ₫,0 ₫,,,,,,
0,"7,403,000,000.00 ₫",7,"555,880,000.00 ₫","1,245,000,000 ₫","5,000,000,000 ₫",,,,,,
0,"7,447,000,000.00 ₫",205,"2,635,000,000.00 ₫",0 ₫,"533,000,000 ₫",,,,,,
0,"7,534,789,000.00 ₫",16,"1,044,016,500.00 ₫","103,000,000 ₫",0 ₫,,,,,,
0,"7,552,664,000.00 ₫",10,"355,894,500.00 ₫","2,078,703,000 ₫",0 ₫,,,,,,
0,"7,612,126,000.00 ₫",7,"461,719,500.00 ₫",0 ₫,"3,580,147,000 ₫",,,,,,
0,"7,681,399,000.00 ₫",36,"3,276,268,000.00 ₫",0 ₫,0 ₫,,,,,,
0,"7,844,046,000.00 ₫",6,"374,178,500.00 ₫",0 ₫,"7,232,069,000 ₫",,,,,,
0,"7,995,798,000.00 ₫",35,"1,611,018,000.00 ₫",0 ₫,"7,992,652,000 ₫",,,,,,
0,"8,000,000,000.00 ₫",10,"321,700,000.00 ₫",0 ₫,0 ₫,,,,,,
0,"8,000,000,000.00 ₫",7,"373,500,000.00 ₫",0 ₫,0 ₫,,,,,,
0,"8,096,000,000.00 ₫",25,"27,450,000.00 ₫",0 ₫,0 ₫,,,,,,
0,"8,336,908,000.00 ₫",19,"1,306,344,000.00 ₫",0 ₫,0 ₫,,,,,,
0,"8,397,952,000.00 ₫",9,"490,519,000.00 ₫",0 ₫,0 ₫,,,,,,
0,"8,418,155,000.00 ₫",28,"900,103,000.00 ₫",0 ₫,"7,273,346,000 ₫",,,,,,
0,"8,534,700,000.00 ₫",12,"80,815,000.00 ₫",0 ₫,0 ₫,,,,,,
0,"8,628,373,000.00 ₫",195,"4,484,701,500.00 ₫",0 ₫,"1,435,110,000 ₫",,,,,,
0,"8,642,372,000.00 ₫",10,"863,732,500.00 ₫",0 ₫,"6,528,540,000 ₫",,,,,,
0,"8,802,567,000.00 ₫",9,"451,407,500.00 ₫","689,027,000 ₫","8,490,197,000 ₫",,,,,,
0,"8,814,897,000.00 ₫",7,"308,000,000.00 ₫",0 ₫,0 ₫,,,,,,
0,"8,827,056,000.00 ₫",5,"111,990,000.00 ₫",0 ₫,0 ₫,,,,,,
0,"8,856,745,000.00 ₫",5,"225,000,000.00 ₫",0 ₫,"50,000,000 ₫",,,,,,
0,"8,904,000,000.00 ₫",21,"1,462,000,000.00 ₫",0 ₫,0 ₫,,,,,,
0,"9,000,000,000.00 ₫",10,"863,620,000.00 ₫","100,000,000 ₫",0 ₫,,,,,,
0,"9,103,000,000.00 ₫",12,"803,500,000.00 ₫","60,000,000 ₫","8,101,000,000 ₫",,,,,,
0,"9,283,558,000.00 ₫",10,"692,846,500.00 ₫",0 ₫,0 ₫,,,,,,
0,"9,330,583,000.00 ₫",69,"3,718,500,000.00 ₫",0 ₫,0 ₫,,,,,,
0,"9,400,000,000.00 ₫",59,"5,567,800,000.00 ₫",0 ₫,"197,000,000 ₫",,,,,,
0,"9,417,606,000.00 ₫",8,"36,759,500.00 ₫","590,909,000 ₫","858,665,000 ₫",,,,,,
0,"9,480,000,000.00 ₫",10,"771,500,000.00 ₫","597,000,000 ₫",0 ₫,,,,,,
0,"9,563,821,000.00 ₫",10,"367,250,000.00 ₫",0 ₫,"5,100,256,000 ₫",,,,,,
0,"9,642,136,000.00 ₫",50,"2,956,076,000.00 ₫",0 ₫,"1,500,000,000 ₫",,,,,,
0,"9,674,924,000.00 ₫",5,"163,000,000.00 ₫",0 ₫,0 ₫,,,,,,
0,"9,700,000,000.00 ₫",7,"224,450,000.00 ₫",0 ₫,0 ₫,,,,,,
0,"9,735,555,000.00 ₫",6,"3,978,641,000.00 ₫",0 ₫,0 ₫,,,,,,
0,"9,802,511,000.00 ₫",70,"4,695,059,000.00 ₫","1,166,903,000 ₫","8,827,834,000 ₫",,,,,,
0,"9,868,912,000.00 ₫",10,"727,382,000.00 ₫",0 ₫,"5,471,601,000 ₫",,,,,,
0,"9,904,989,000.00 ₫",19,"1,411,000,000.00 ₫","104,000,000 ₫",0 ₫,,,,,,
0,"10,000,000,000.00 ₫",33,"2,248,500,000.00 ₫",0 ₫,"5,000,000,000 ₫",,,,,,
0,"10,000,000,000.00 ₫",5,"1,063,000,000.00 ₫",0 ₫,0 ₫,,,,,,
0,"10,000,000,000.00 ₫",6,"2,048,250,000.00 ₫","284,000,000 ₫",0 ₫,,,,,,
0,"10,000,000,000.00 ₫",5,"356,100,000.00 ₫","1,000,000,000 ₫",0 ₫,,,,,,
0,"10,000,000,000.00 ₫",11,"11,500,000.00 ₫",0 ₫,0 ₫,,,,,,
0,"10,000,000,000.00 ₫",20,"1,396,000,000.00 ₫","1,500,000,000 ₫","2,500,000,000 ₫",,,,,,
0,"10,000,000,000.00 ₫",150,"4,641,500,000.00 ₫",0 ₫,0 ₫,,,,,,
0,"10,000,000,000.00 ₫",15,"2,594,500,000.00 ₫",0 ₫,0 ₫,,,,,,
0,"10,000,000,000.00 ₫",15,"2,920,000,000.00 ₫","5,500,000,000 ₫",0 ₫,,,,,,
0,"10,000,000,000.00 ₫",11,"3,807,000,000.00 ₫",0 ₫,"1,000,000,000 ₫",,,,,,
0,"10,036,287,000.00 ₫",8,"333,533,000.00 ₫",0 ₫,0 ₫,,,,,,
0,"10,093,929,000.00 ₫",5,"220,957,500.00 ₫",0 ₫,0 ₫,,,,,,
0,"10,173,061,000.00 ₫",21,"3,994,470,000.00 ₫","160,000,000 ₫","8,504,101,000 ₫",,,,,,
0,"10,234,728,000.00 ₫",9,"148,209,000.00 ₫",0 ₫,0 ₫,,,,,,
0,"10,308,000,000.00 ₫",60,"2,793,470,000.00 ₫",0 ₫,"3,900,800,000 ₫",,,,,,
0,"10,546,394,000.00 ₫",14,"1,402,533,000.00 ₫",0 ₫,"8,030,509,000 ₫",,,,,,
0,"10,726,338,000.00 ₫",50,"1,046,636,500.00 ₫","80,000,000 ₫","573,000,000 ₫",,,,,,
0,"10,747,000,000.00 ₫",10,"544,000,000.00 ₫",0 ₫,"7,744,000,000 ₫",,,,,,
0,"10,950,000,000.00 ₫",37,"3,022,762,000.00 ₫",0 ₫,0 ₫,,,,,,
0,"10,952,849,000.00 ₫",40,"2,516,650,000.00 ₫","1,345,383,000 ₫","4,679,716,000 ₫",,,,,,
0,"11,000,000,000.00 ₫",74,"4,319,500,000.00 ₫","300,000,000 ₫","200,000,000 ₫",,,,,,
0,"11,000,000,000.00 ₫",9,"327,350,000.00 ₫",0 ₫,0 ₫,,,,,,
0,"11,003,645,000.00 ₫",14,"1,404,675,000.00 ₫",0 ₫,0 ₫,,,,,,
0,"11,056,091,000.00 ₫",6,"171,586,000.00 ₫",0 ₫,0 ₫,,,,,,
0,"11,062,000,000.00 ₫",40,"845,775,000.00 ₫",0 ₫,0 ₫,,,,,,
0,"11,118,148,000.00 ₫",6,"457,127,500.00 ₫",0 ₫,"10,385,869,000 ₫",,,,,,
0,"11,196,000,000.00 ₫",40,"1,514,650,000.00 ₫",0 ₫,"8,538,000,000 ₫",,,,,,
0,"11,196,000,000.00 ₫",40,"1,749,200,000.00 ₫","247,000,000 ₫","9,854,000,000 ₫",,,,,,
0,"11,400,000,000.00 ₫",30,"1,746,540,000.00 ₫",0 ₫,"10,900,000,000 ₫",,,,,,
0,"11,507,040,000.00 ₫",10,"1,091,822,000.00 ₫",0 ₫,0 ₫,,,,,,
0,"11,585,000,000.00 ₫",11,"2,236,000,000.00 ₫",0 ₫,"2,903,000,000 ₫",,,,,,
0,"11,820,723,000.00 ₫",13,"1,615,759,000.00 ₫","1,791,774,000 ₫","6,092,433,000 ₫",,,,,,
0,"11,860,747,000.00 ₫",6,"583,000,000.00 ₫",0 ₫,0 ₫,,,,,,
0,"11,882,809,000.00 ₫",7,"358,243,000.00 ₫",0 ₫,0 ₫,,,,,,
0,"11,931,718,000.00 ₫",16,"2,316,000,000.00 ₫","2,043,000,000 ₫",0 ₫,,,,,,
0,"11,976,591,000.00 ₫",16,"1,768,730,000.00 ₫",0 ₫,"10,576,131,000 ₫",,,,,,
0,"11,996,643,000.00 ₫",6,"1,274,320,000.00 ₫",0 ₫,0 ₫,,,,,,
0,"12,000,000,000.00 ₫",15,"713,250,000.00 ₫",0 ₫,0 ₫,,,,,,
0,"12,000,000,000.00 ₫",37,"1,480,000,000.00 ₫",0 ₫,"9,000,000,000 ₫",,,,,,
0,"12,000,000,000.00 ₫",12,"1,344,919,000.00 ₫",0 ₫,"10,616,265,000 ₫",,,,,,
0,"12,059,358,000.00 ₫",11,"189,500,000.00 ₫","102,000,000 ₫",0 ₫,,,,,,
0,"12,072,000,000.00 ₫",40,"2,281,600,000.00 ₫",0 ₫,0 ₫,,,,,,
0,"12,103,589,000.00 ₫",22,"1,435,185,000.00 ₫",0 ₫,0 ₫,,,,,,
0,"12,123,630,000.00 ₫",35,"2,690,586,000.00 ₫",0 ₫,"2,392,727,000 ₫",,,,,,
0,"12,150,582,000.00 ₫",21,"1,006,411,000.00 ₫",0 ₫,"8,505,000,000 ₫",,,,,,
0,"12,158,879,000.00 ₫",52,"2,323,315,500.00 ₫",0 ₫,0 ₫,,,,,,
0,"12,207,238,000.00 ₫",7,"472,308,000.00 ₫",0 ₫,0 ₫,,,,,,
0,"12,374,710,000.00 ₫",8,"308,351,000.00 ₫",0 ₫,0 ₫,,,,,,
0,"12,501,000,000.00 ₫",125,"4,810,000,000.00 ₫","97,449,831 ₫","11,445,000,000 ₫",,,,,,
0,"12,526,813,000.00 ₫",13,"923,532,500.00 ₫",0 ₫,0 ₫,,,,,,
0,"12,546,809,000.00 ₫",14,"1,268,727,000.00 ₫",0 ₫,"10,156,159,000 ₫",,,,,,
0,"12,565,048,000.00 ₫",6,"296,341,731.00 ₫","31,944,444 ₫",0 ₫,,,,,,
0,"12,639,000,000.00 ₫",10,"103,000,000.00 ₫",0 ₫,0 ₫,,,,,,
0,"12,763,443,000.00 ₫",45,"2,353,900,500.00 ₫",0 ₫,"5,550,865,000 ₫",,,,,,
0,"12,830,262,000.00 ₫",15,"1,167,725,000.00 ₫",0 ₫,0 ₫,,,,,,
0,"12,832,079,000.00 ₫",13,"713,105,000.00 ₫",0 ₫,0 ₫,,,,,,
0,"12,961,512,000.00 ₫",30,"1,521,220,500.00 ₫","76,300,000 ₫","8,771,814,000 ₫",,,,,,
0,"13,000,000,000.00 ₫",5,"311,500,000.00 ₫",0 ₫,0 ₫,,,,,,
0,"13,000,000,000.00 ₫",20,"761,000,000.00 ₫","2,000,000,000 ₫",0 ₫,,,,,,
0,"13,145,000,000.00 ₫",45,"1,376,075,000.00 ₫","200,000,000 ₫",0 ₫,,,,,,
0,"13,176,113,000.00 ₫",119,"5,345,344,500.00 ₫",0 ₫,"5,752,125,000 ₫",,,,,,
0,"13,371,163,000.00 ₫",9,"537,204,000.00 ₫",0 ₫,"7,000,000,000 ₫",,,,,,
0,"13,382,299,000.00 ₫",6,"214,978,000.00 ₫",0 ₫,0 ₫,,,,,,
0,"13,460,705,000.00 ₫",69,"1,068,285,000.00 ₫","1,105,001,000 ₫","1,268,041,000 ₫",,,,,,
0,"13,464,920,000.00 ₫",10,"455,000,000.00 ₫",0 ₫,0 ₫,,,,,,
0,"13,541,235,000.00 ₫",20,"978,627,000.00 ₫",0 ₫,"8,659,485,000 ₫",,,,,,
0,"13,603,107,000.00 ₫",35,"1,770,567,500.00 ₫",0 ₫,0 ₫,,,,,,
0,"13,710,000,000.00 ₫",24,"1,393,320,000.00 ₫",0 ₫,0 ₫,,,,,,
0,"13,733,558,000.00 ₫",135,"7,250,378,000.00 ₫","35,648,000 ₫",0 ₫,,,,,,
0,"13,800,000,000.00 ₫",35,"1,801,000,000.00 ₫",0 ₫,0 ₫,,,,,,
0,"13,878,647,000.00 ₫",7,"420,001,500.00 ₫",0 ₫,0 ₫,,,,,,
0,"13,918,000,000.00 ₫",12,"438,500,000.00 ₫",0 ₫,0 ₫,,,,,,
0,"14,000,000,000.00 ₫",12,"1,313,200,000.00 ₫","3,400,000,000 ₫","9,100,000,000 ₫",,,,,,
0,"14,000,000,000.00 ₫",15,"1,463,200,000.00 ₫","500,000,000 ₫",0 ₫,,,,,,
0,"14,000,000,000.00 ₫",113,"8,178,000,000.00 ₫","1,100,000,000 ₫","70,000,000 ₫",,,,,,
0,"14,115,780,000.00 ₫",21,"947,687,000.00 ₫",0 ₫,0 ₫,,,,,,
0,"14,214,611,000.00 ₫",25,"1,666,263,500.00 ₫",0 ₫,"9,950,227,000 ₫",,,,,,
0,"14,296,517,000.00 ₫",31,"1,675,626,000.00 ₫","400,000,000 ₫","9,674,714,000 ₫",,,,,,
0,"14,539,174,000.00 ₫",15,"588,828,000.00 ₫",0 ₫,"14,071,663,000 ₫",,,,,,
0,"14,735,159,000.00 ₫",19,"1,331,263,500.00 ₫",0 ₫,"12,150,000,000 ₫",,,,,,
0,"14,800,000,000.00 ₫",111,"3,318,000,000.00 ₫",0 ₫,"10,500,000,000 ₫",,,,,,
0,"14,990,000,000.00 ₫",22,"993,050,000.00 ₫",0 ₫,"9,865,000,000 ₫",,,,,,
0,"15,000,000,000.00 ₫",17,"1,500,000,000.00 ₫",0 ₫,0 ₫,,,,,,
0,"15,000,000,000.00 ₫",10,"1,094,500,000.00 ₫","5,000,000,000 ₫","12,000,000,000 ₫",,,,,,
0,"15,000,000,000.00 ₫",50,"2,731,250,000.00 ₫","1,200,000,000 ₫",0 ₫,,,,,,
0,"15,000,000,000.00 ₫",20,"1,572,000,000.00 ₫","3,000,000,000 ₫",0 ₫,,,,,,
0,"15,093,229,000.00 ₫",7,"297,560,000.00 ₫","1,236,574,000 ₫",0 ₫,,,,,,
0,"15,284,968,000.00 ₫",45,"1,375,101,500.00 ₫",0 ₫,"11,706,879,000 ₫",,,,,,
0,"15,376,533,000.00 ₫",6,"176,250,000.00 ₫",0 ₫,0 ₫,,,,,,
0,"15,378,765,000.00 ₫",124,"6,873,698,500.00 ₫","518,519,000 ₫",0 ₫,,,,,,
0,"15,472,000,000.00 ₫",25,"4,176,736,000.00 ₫","45,200,000 ₫","9,956,000,000 ₫",,,,,,
0,"15,541,408,000.00 ₫",48,"2,175,913,000.00 ₫","645,152,000 ₫",0 ₫,,,,,,
0,"15,857,000,000.00 ₫",22,"2,612,500,000.00 ₫",0 ₫,"6,286,000,000 ₫",,,,,,
0,"15,868,674,000.00 ₫",14,"1,643,126,000.00 ₫",0 ₫,0 ₫,,,,,,
0,"15,991,000,000.00 ₫",5,"153,800,000.00 ₫",0 ₫,0 ₫,,,,,,
0,"16,000,000,000.00 ₫",10,"632,550,000.00 ₫","150,000,000 ₫",0 ₫,,,,,,
0,"16,000,000,000.00 ₫",10,"1,038,280,000.00 ₫","300,000,000 ₫",0 ₫,,,,,,
0,"16,000,000,000.00 ₫",72,"5,445,000,000.00 ₫","4,000,000,000 ₫",0 ₫,,,,,,
0,"16,000,000,000.00 ₫",30,"1,013,500,000.00 ₫",0 ₫,"15,000,000,000 ₫",,,,,,
0,"16,034,000,000.00 ₫",23,"700,500,000.00 ₫",0 ₫,0 ₫,,,,,,
0,"16,100,000,000.00 ₫",8,"356,575,000.00 ₫",0 ₫,0 ₫,,,,,,
0,"16,167,267,000.00 ₫",38,"2,121,998,500.00 ₫","447,791,000 ₫","9,000,000,000 ₫",,,,,,
0,"16,594,000,000.00 ₫",6,"1,009,500,000.00 ₫",0 ₫,"951,000,000 ₫",,,,,,
0,"16,612,526,000.00 ₫",14,"904,800,000.00 ₫","359,181,000 ₫","12,000,000,000 ₫",,,,,,
0,"16,647,372,000.00 ₫",11,"1,486,776,500.00 ₫",0 ₫,"15,679,819,000 ₫",,,,,,
0,"16,897,000,000.00 ₫",116,"3,314,426,000.00 ₫",0 ₫,"14,362,000,000 ₫",,,,,,
0,"17,000,000,000.00 ₫",70,"994,000,000.00 ₫",0 ₫,0 ₫,,,,,,
0,"17,000,000,000.00 ₫",160,"8,366,700,000.00 ₫","1,000,000,000 ₫","500,000,000 ₫",,,,,,
0,"17,000,000,000.00 ₫",20,"835,800,000.00 ₫",0 ₫,0 ₫,,,,,,
0,"17,354,000,000.00 ₫",132,"3,462,100,000.00 ₫",0 ₫,"3,452,500,000 ₫",,,,,,
0,"17,469,137,000.00 ₫",13,"946,682,500.00 ₫","1,455,455,000 ₫",0 ₫,,,,,,
0,"17,554,000,000.00 ₫",5,"261,500,000.00 ₫",0 ₫,0 ₫,,,,,,
0,"17,619,560,000.00 ₫",5,"1,072,669,500.00 ₫",0 ₫,0 ₫,,,,,,
0,"17,742,000,000.00 ₫",15,"477,161,000.00 ₫","2,419,950,000 ₫","14,789,000,000 ₫",,,,,,
0,"17,843,651,000.00 ₫",22,"1,878,000,000.00 ₫",0 ₫,0 ₫,,,,,,
0,"17,855,632,000.00 ₫",59,"1,796,731,500.00 ₫",0 ₫,0 ₫,,,,,,
0,"17,979,915,000.00 ₫",16,"973,995,500.00 ₫","1,017,424,000 ₫","17,999,717,000 ₫",,,,,,
0,"18,065,035,000.00 ₫",34,"904,500,000.00 ₫",0 ₫,0 ₫,,,,,,
0,"18,363,055,000.00 ₫",8,"594,056,500.00 ₫","248,930,000 ₫",0 ₫,,,,,,
0,"18,437,218,000.00 ₫",44,"3,452,760,000.00 ₫",0 ₫,0 ₫,,,,,,
0,"18,524,755,000.00 ₫",10,"685,700,000.00 ₫",0 ₫,0 ₫,,,,,,
0,"18,533,039,000.00 ₫",20,"1,091,350,000.00 ₫",0 ₫,0 ₫,,,,,,
0,"18,596,000,000.00 ₫",15,"170,500,000.00 ₫","437,407,407 ₫",0 ₫,,,,,,
0,"19,031,165,000.00 ₫",80,"7,816,446,500.00 ₫","1,000,000,000 ₫","13,600,000,000 ₫",,,,,,
0,"19,207,332,000.00 ₫",28,"1,276,528,000.00 ₫",0 ₫,"14,964,430,000 ₫",,,,,,
0,"19,271,348,000.00 ₫",33,"2,300,100,000.00 ₫","3,000,000,000 ₫","10,442,000,000 ₫",,,,,,
0,"19,549,884,000.00 ₫",72,"3,604,268,500.00 ₫","1,555,460,000 ₫","6,908,074,000 ₫",,,,,,
0,"19,586,777,000.00 ₫",90,"5,784,000,000.00 ₫","82,400,000 ₫","1,498,000,000 ₫",,,,,,
0,"19,592,961,000.00 ₫",53,"3,288,500,000.00 ₫","195,000,000 ₫","22,587,000,000 ₫",,,,,,
0,"19,630,912,000.00 ₫",20,"712,750,000.00 ₫","271,081,000 ₫",0 ₫,,,,,,
0,"19,879,443,000.00 ₫",10,"1,128,203,500.00 ₫","923,000,000 ₫",0 ₫,,,,,,
0,"19,949,500,000.00 ₫",9,"383,114,500.00 ₫","1,168,996,000 ₫",0 ₫,,,,,,
0,"20,000,000,000.00 ₫",5,"2,031,000,000.00 ₫",0 ₫,0 ₫,,,,,,
0,"20,000,000,000.00 ₫",50,"3,426,800,000.00 ₫","5,000,000,000 ₫","13,000,000,000 ₫",,,,,,
0,"20,000,000,000.00 ₫",10,"556,600,000.00 ₫",0 ₫,0 ₫,,,,,,
0,"20,144,358,000.00 ₫",20,"1,394,773,000.00 ₫",0 ₫,0 ₫,,,,,,
0,"20,411,429,000.00 ₫",13,"858,124,000.00 ₫",0 ₫,0 ₫,,,,,,
0,"20,855,476,000.00 ₫",37,"3,736,271,000.00 ₫","1,054,083,000 ₫","8,966,000,000 ₫",,,,,,
0,"20,902,000,000.00 ₫",10,"312,784,500.00 ₫",0 ₫,0 ₫,,,,,,
0,"20,973,187,000.00 ₫",22,"4,085,836,500.00 ₫","31,818,182 ₫",0 ₫,,,,,,
0,"21,110,152,000.00 ₫",13,"624,935,500.00 ₫","550,000,000 ₫",0 ₫,,,,,,
0,"21,631,351,000.00 ₫",42,"883,347,500.00 ₫","1,273,694,000 ₫","20,387,061,000 ₫",,,,,,
0,"21,775,679,000.00 ₫",20,"1,491,700,000.00 ₫",0 ₫,0 ₫,,,,,,
0,"22,000,000,000.00 ₫",6,"661,200,000.00 ₫",0 ₫,0 ₫,,,,,,
0,"22,000,000,000.00 ₫",12,"4,693,600,000.00 ₫","8,300,000,000 ₫",0 ₫,,,,,,
0,"22,217,978,000.00 ₫",74,"5,422,665,000.00 ₫","6,550,000,000 ₫",0 ₫,,,,,,
0,"22,264,685,000.00 ₫",9,"1,067,180,000.00 ₫",0 ₫,"14,572,000,000 ₫",,,,,,
0,"22,342,000,000.00 ₫",18,"1,399,695,500.00 ₫",0 ₫,"19,000,000,000 ₫",,,,,,
0,"22,371,863,000.00 ₫",14,"1,067,559,500.00 ₫",0 ₫,"17,879,663,000 ₫",,,,,,
0,"22,436,848,000.00 ₫",42,"3,143,955,000.00 ₫",0 ₫,"4,952,417,000 ₫",,,,,,
0,"22,437,332,000.00 ₫",8,"1,147,300,000.00 ₫",0 ₫,0 ₫,,,,,,
0,"22,515,000,000.00 ₫",76,"3,869,739,000.00 ₫",0 ₫,"18,512,751,000 ₫",,,,,,
0,"22,516,650,000.00 ₫",69,"2,804,117,000.00 ₫",0 ₫,"19,911,462,000 ₫",,,,,,
0,"22,559,526,000.00 ₫",105,"1,409,344,000.00 ₫",0 ₫,0 ₫,,,,,,
0,"22,819,000,000.00 ₫",28,"1,646,794,500.00 ₫",0 ₫,0 ₫,,,,,,
0,"22,841,000,000.00 ₫",33,"1,421,823,500.00 ₫",0 ₫,"19,094,000,000 ₫",,,,,,
0,"22,914,500,000.00 ₫",213,"15,010,000,000.00 ₫",0 ₫,0 ₫,,,,,,
0,"22,928,599,000.00 ₫",7,"260,325,000.00 ₫",0 ₫,0 ₫,,,,,,
0,"23,000,000,000.00 ₫",45,"2,264,550,000.00 ₫","200,000,000 ₫","12,000,000,000 ₫",,,,,,
0,"23,016,000,000.00 ₫",50,"6,702,500,000.00 ₫","1,705,000,000 ₫","9,878,000,000 ₫",,,,,,
0,"23,168,563,000.00 ₫",50,"3,536,606,000.00 ₫","350,000,000 ₫","100,000,000 ₫",,,,,,
0,"23,345,000,000.00 ₫",22,"1,410,950,000.00 ₫",0 ₫,0 ₫,,,,,,
0,"23,527,473,000.00 ₫",10,"1,394,000,000.00 ₫","3,337,000,000 ₫",0 ₫,,,,,,
0,"23,529,295,000.00 ₫",6,"600,701,500.00 ₫",0 ₫,"23,264,000,000 ₫",,,,,,
0,"23,538,830,000.00 ₫",93,"6,466,800,000.00 ₫",0 ₫,0 ₫,,,,,,
0,"23,589,483,000.00 ₫",37,"5,276,594,000.00 ₫","2,173,733,000 ₫","15,692,239,000 ₫",,,,,,
0,"23,599,000,000.00 ₫",22,"1,104,549,500.00 ₫",0 ₫,"18,174,162,000 ₫",,,,,,
0,"23,681,611,000.00 ₫",14,"1,739,391,000.00 ₫",0 ₫,0 ₫,,,,,,
0,"23,882,000,000.00 ₫",155,"7,945,400,000.00 ₫",0 ₫,"21,828,000,000 ₫",,,,,,
0,"24,000,000,000.00 ₫",60,"6,881,250,000.00 ₫",0 ₫,"80,000,000 ₫",,,,,,
0,"24,260,476,000.00 ₫",6,"1,094,416,000.00 ₫",0 ₫,0 ₫,,,,,,
0,"24,306,779,000.00 ₫",123,"7,931,176,500.00 ₫",0 ₫,"5,111,445,000 ₫",,,,,,
0,"24,476,803,000.00 ₫",18,"2,141,250,000.00 ₫",0 ₫,0 ₫,,,,,,
0,"24,536,900,000.00 ₫",25,"212,000,000.00 ₫","750,000,000 ₫",0 ₫,,,,,,
0,"24,681,000,000.00 ₫",6,"395,500,000.00 ₫",0 ₫,0 ₫,,,,,,
0,"24,690,182,000.00 ₫",21,"1,197,897,500.00 ₫","50,000,000 ₫",0 ₫,,,,,,
0,"25,000,000,000.00 ₫",32,"1,506,500,000.00 ₫","14,100,000,000 ₫",0 ₫,,,,,,
0,"25,000,000,000.00 ₫",30,"3,158,000,000.00 ₫","35,000,000,000 ₫","5,000,000,000 ₫",,,,,,
0,"25,000,000,000.00 ₫",7,"315,000,000.00 ₫",0 ₫,0 ₫,,,,,,
0,"25,000,000,000.00 ₫",0,0.00 ₫,0 ₫,0 ₫,,,,,,
0,"25,028,525,000.00 ₫",11,"2,517,028,500.00 ₫",0 ₫,0 ₫,,,,,,
0,"25,333,412,000.00 ₫",89,"9,987,900,000.00 ₫",0 ₫,"21,218,660,000 ₫",,,,,,
0,"25,522,818,000.00 ₫",33,"3,962,416,000.00 ₫",0 ₫,"14,508,946,000 ₫",,,,,,
0,"25,587,693,000.00 ₫",35,"3,044,792,000.00 ₫",0 ₫,0 ₫,,,,,,
0,"25,589,428,000.00 ₫",6,"331,420,000.00 ₫",0 ₫,0 ₫,,,,,,
0,"25,615,329,000.00 ₫",6,"554,115,000.00 ₫",0 ₫,0 ₫,,,,,,
0,"25,747,266,000.00 ₫",90,"7,920,800,000.00 ₫",0 ₫,"1,146,000,000 ₫",,,,,,
0,"26,366,697,000.00 ₫",25,"1,881,928,500.00 ₫",0 ₫,"2,043,496,000 ₫",,,,,,
0,"26,632,000,000.00 ₫",22,"4,883,500,000.00 ₫",0 ₫,0 ₫,,,,,,
0,"27,000,000,000.00 ₫",30,"2,613,200,000.00 ₫",0 ₫,"20,000,000,000 ₫",,,,,,
0,"27,000,000,000.00 ₫",105,"8,402,700,000.00 ₫","4,000,000,000 ₫","17,000,000,000 ₫",,,,,,
0,"27,000,000,000.00 ₫",10,"2,165,000,000.00 ₫","5,000,000,000 ₫",0 ₫,,,,,,
0,"27,154,439,000.00 ₫",36,"1,727,857,500.00 ₫","65,000,000 ₫","29,301,643,000 ₫",,,,,,
0,"27,390,007,000.00 ₫",96,"5,309,409,000.00 ₫",0 ₫,"11,213,965,000 ₫",,,,,,
0,"27,457,969,000.00 ₫",173,"8,957,210,000.00 ₫",0 ₫,"18,969,895,000 ₫",,,,,,
0,"27,543,869,000.00 ₫",102,"1,622,755,500.00 ₫","186,320,000 ₫","20,606,744,000 ₫",,,,,,
0,"27,571,304,000.00 ₫",132,"5,471,439,000.00 ₫",0 ₫,"18,750,225,000 ₫",,,,,,
0,"27,594,765,000.00 ₫",70,"2,821,040,500.00 ₫","465,000,000 ₫",0 ₫,,,,,,
0,"27,600,000,000.00 ₫",50,"2,463,500,000.00 ₫",0 ₫,"14,000,000,000 ₫",,,,,,
0,"27,719,510,000.00 ₫",55,"2,934,607,500.00 ₫","64,041,698,000 ₫",0 ₫,,,,,,
0,"27,783,142,000.00 ₫",43,"3,485,130,000.00 ₫","183,226,000 ₫",0 ₫,,,,,,
0,"27,855,537,000.00 ₫",32,"1,313,569,000.00 ₫",0 ₫,0 ₫,,,,,,
0,"27,863,957,000.00 ₫",102,"6,437,324,500.00 ₫","61,612,000 ₫","18,971,045,000 ₫",,,,,,
0,"28,000,000,000.00 ₫",30,"2,103,500,000.00 ₫","1,200,000,000 ₫","8,000,000,000 ₫",,,,,,
0,"28,177,000,000.00 ₫",5,"275,500,000.00 ₫","375,000,000 ₫",0 ₫,,,,,,
0,"28,451,375,000.00 ₫",11,"2,003,534,000.00 ₫",0 ₫,"15,679,819,000 ₫",,,,,,
0,"28,493,587,000.00 ₫",27,"1,271,708,500.00 ₫",0 ₫,"26,233,986,000 ₫",,,,,,
0,"28,800,000,000.00 ₫",18,"1,172,000,000.00 ₫",0 ₫,"8,300,000,000 ₫",,,,,,
0,"29,245,348,000.00 ₫",18,"1,105,589,500.00 ₫",0 ₫,0 ₫,,,,,,